Position_X, Position_Y, Position_Z, Rotation_X, Rotation_Y, Rotation_Z
-0.2130737,1.189814, 1.193763,-0.1304231,0.4189108, -0.7499771,
-0.2115263,1.18813, 1.193725,-0.09262495,0.405225, -0.758366,
-0.2188882,1.196079, 1.153969,-0.3432785,0.575434, -0.6422732,
-0.2237939,1.194253, 1.154722,-0.3562022,0.5732371, -0.6441889,
-0.2252058,1.19354, 1.155063,-0.359871,0.5740047, -0.6444575,
-0.2263994,1.192934, 1.15583,-0.3630633,0.5749432, -0.6441805,
-0.2275928,1.192351, 1.156263,-0.3660252,0.5754535, -0.644767,
-0.2286423,1.192049, 1.157117,-0.3705621,0.5740777, -0.6433787,
-0.2302824,1.191396, 1.158397,-0.3814619,0.5674731, -0.6434096,
-0.2309809,1.191112, 1.159032,-0.3869514,0.5635906, -0.643831,
-0.2310983,1.190771, 1.159561,-0.3920314,0.5617799, -0.6432823,
-0.2313849,1.190511, 1.160361,-0.3973873,0.5600882, -0.6421835,
-0.2315887,1.190133, 1.161384,-0.4029673,0.5577762, -0.6414509,
-0.2314099,1.18993, 1.162318,-0.4077172,0.5542069, -0.6419104,
-0.2313968,1.189627, 1.163112,-0.4125086,0.5501322, -0.6421116,
-0.2312802,1.189338, 1.164251,-0.4161926,0.5456401, -0.6425737,
-0.2309042,1.189246, 1.165303,-0.4188535,0.5424464, -0.6419761,
-0.2303697,1.189056, 1.166296,-0.4201673,0.5403006, -0.6414545,
-0.2297865,1.188932, 1.1675,-0.4216048,0.5378705, -0.6417332,
-0.2290357,1.18874, 1.168541,-0.4243198,0.5342259, -0.6418877,
-0.22814,1.188664, 1.169431,-0.4279436,0.5300065, -0.6412542,
-0.2273595,1.188547, 1.170044,-0.4319698,0.5256613, -0.6404703,
-0.2262895,1.188494, 1.170798,-0.4365412,0.5207996, -0.6389412,
-0.2250956,1.188324, 1.171393,-0.4404137,0.5163418, -0.6379457,
-0.2237872,1.188213, 1.172035,-0.4436796,0.5116579, -0.6372902,
-0.2224463,1.1882, 1.17268,-0.4449136,0.5091599, -0.6363674,
-0.2210388,1.188086, 1.173154,-0.446034,0.5078035, -0.6351476,
-0.2198193,1.188125, 1.173626,-0.4485136,0.5048569, -0.6341133,
-0.218443,1.188188, 1.173983,-0.451201,0.5008333, -0.6330067,
-0.2171546,1.188152, 1.174286,-0.454927,0.4954464, -0.6314623,
-0.2159001,1.188235, 1.174459,-0.4597287,0.4908558, -0.62909,
-0.2144064,1.18835, 1.174544,-0.4638089,0.4882949, -0.6260991,
-0.2128633,1.188729, 1.175033,-0.4663442,0.4862445, -0.6236162,
-0.2116016,1.188578, 1.174831,-0.4693729,0.4831881, -0.6217468,
-0.2103277,1.188429, 1.174949,-0.4721919,0.4803044, -0.6194763,
-0.2090362,1.188534, 1.174809,-0.4755902,0.4780411, -0.6169782,
-0.2078698,1.188452, 1.174618,-0.47875,0.4760382, -0.6138586,
-0.2067567,1.188435, 1.174406,-0.4819587,0.4734375, -0.6112059,
-0.205698,1.188622, 1.173817,-0.4849868,0.4704727, -0.6094891,
-0.2045664,1.188955, 1.173581,-0.4887765,0.4677075, -0.6068088,
-0.2035773,1.188968, 1.173277,-0.4921626,0.4658493, -0.6040112,
-0.2027451,1.188779, 1.172564,-0.49591,0.4636393, -0.6010116,
-0.2018951,1.188624, 1.172248,-0.4994307,0.4611023, -0.5979778,
-0.2012824,1.188475, 1.172123,-0.5014297,0.4595458, -0.5968053,
-0.2009788,1.187982, 1.171982,-0.5028409,0.4584817, -0.5959064,
-0.2005461,1.187553, 1.171772,-0.5032724,0.4580633, -0.5951967,
-0.2001157,1.187175, 1.17159,-0.5038706,0.4574832, -0.5943077,
-0.2004038,1.18657, 1.171594,-0.5026243,0.4580706, -0.594257,
-0.2005787,1.185959, 1.171948,-0.5033833,0.4573117, -0.5934747,
-0.2008232,1.18521, 1.171971,-0.5041754,0.4559256, -0.592674,
-0.2011404,1.184625, 1.171852,-0.5049129,0.4545999, -0.5920978,
-0.2016236,1.18363, 1.171971,-0.5044016,0.4541675, -0.5923377,
-0.2022116,1.18265, 1.171814,-0.5027303,0.4553649, -0.5936249,
-0.2027525,1.18145, 1.172039,-0.500465,0.4570122, -0.5955637,
-0.2035897,1.180215, 1.172106,-0.4968345,0.4588296, -0.5982249,
-0.2045384,1.178875, 1.172245,-0.4935092,0.4605926, -0.6007124,
-0.2057503,1.177206, 1.172516,-0.4904294,0.4627421, -0.6037363,
-0.2068584,1.175816, 1.172742,-0.4884197,0.4642984, -0.6057696,
-0.2081339,1.174153, 1.173006,-0.4860104,0.4657387, -0.6080435,
-0.2093836,1.172401, 1.17329,-0.4833218,0.4677293, -0.6104604,
-0.2108151,1.170635, 1.173479,-0.4802842,0.4701039, -0.6138134,
-0.2121459,1.168896, 1.17376,-0.4774548,0.4723901, -0.616602,
-0.2136037,1.167132, 1.174053,-0.4735426,0.4749012, -0.6201257,
-0.2150971,1.165377, 1.17435,-0.4688212,0.4782881, -0.6239225,
-0.2166116,1.163586, 1.174538,-0.4650041,0.4811997, -0.6273171,
-0.2182883,1.161954, 1.174776,-0.4616139,0.4842057, -0.6306439,
-0.2198223,1.160339, 1.17497,-0.4583735,0.4865807, -0.6335599,
-0.2214532,1.158772, 1.175145,-0.4556668,0.4885449, -0.6362858,
-0.2229632,1.157187, 1.175108,-0.4526496,0.4905175, -0.6395684,
-0.2244493,1.155785, 1.175207,-0.4487203,0.4928036, -0.6433215,
-0.2262363,1.154136, 1.175697,-0.4435091,0.4954095, -0.6472992,
-0.2277983,1.152987, 1.175755,-0.4383206,0.4981633, -0.6507705,
-0.2292348,1.15195, 1.175841,-0.433772,0.5013596, -0.6532308,
-0.232072,1.149936, 1.176278,-0.4267995,0.5048478, -0.6573058,
-0.2333425,1.148792, 1.176688,-0.4225315,0.506337, -0.6597469,
-0.2343937,1.148121, 1.17655,-0.4183724,0.5076661, -0.6618261,
-0.2354891,1.147435, 1.17683,-0.414372,0.509926, -0.6630335,
-0.2363636,1.146773, 1.176707,-0.410973,0.5117065, -0.6643885,
-0.2372299,1.146049, 1.176771,-0.4078938,0.5131078, -0.6652331,
-0.237788,1.145742, 1.176162,-0.4056418,0.5137761, -0.66619,
-0.2381344,1.145411, 1.175807,-0.4038128,0.5144742, -0.6666086,
-0.2385473,1.145166, 1.175532,-0.401689,0.5156665, -0.6669097,
-0.2384285,1.145207, 1.175103,-0.3997849,0.5169744, -0.6664926,
-0.2384461,1.145322, 1.174456,-0.3973565,0.5185215, -0.6650887,
-0.2384461,1.145322, 1.174456,-0.3973565,0.5185215, -0.6650887,
-0.2384371,1.145373, 1.17426,-0.397061,0.5187922, -0.6638889,
-0.238088,1.14576, 1.173867,-0.3984143,0.5180361, -0.6618357,
-0.2376918,1.14618, 1.173561,-0.3999944,0.5171676, -0.660097,
-0.2372327,1.146644, 1.173251,-0.4004292,0.5172193, -0.6585205,
-0.236511,1.147428, 1.173207,-0.4017798,0.5177675, -0.6564208,
-0.2360986,1.147863, 1.173099,-0.4032036,0.5180514, -0.6544068,
-0.2354647,1.14871, 1.172974,-0.4057244,0.5175526, -0.6516683,
-0.2348757,1.149885, 1.173393,-0.4073817,0.517244, -0.6487457,
-0.2342585,1.150818, 1.173406,-0.411237,0.5153767, -0.645684,
-0.2340684,1.15134, 1.173521,-0.4148543,0.5133599, -0.6430009,
-0.2337762,1.151974, 1.173436,-0.417581,0.5122545, -0.6409502,
-0.2331353,1.15267, 1.173586,-0.4198962,0.511883, -0.6394122,
-0.2324992,1.153428, 1.17378,-0.4225236,0.5113602, -0.6378825,
-0.2318518,1.154335, 1.17351,-0.4251965,0.5108239, -0.6369402,
-0.2314044,1.155063, 1.173654,-0.4286418,0.5094156, -0.6357621,
-0.231069,1.15581, 1.173904,-0.4321032,0.5078178, -0.6343865,
-0.2306381,1.15669, 1.174088,-0.4351758,0.5062597, -0.6331918,
-0.2304589,1.157406, 1.174417,-0.4377598,0.5042554, -0.6322588,
-0.2306544,1.15778, 1.175227,-0.439264,0.5028977, -0.6310601,
-0.2306329,1.158207, 1.175636,-0.4408461,0.5017911, -0.6299968,
-0.2307873,1.15865, 1.176144,-0.4421516,0.5008004, -0.6294142,
-0.2307981,1.158713, 1.17648,-0.4427846,0.4996543, -0.6297627,
-0.2309687,1.158669, 1.17673,-0.4416029,0.4987118, -0.6314515,
-0.231119,1.158511, 1.177038,-0.4407164,0.498613, -0.6324669,
-0.2311872,1.158198, 1.177246,-0.4383992,0.500455, -0.6333259,
-0.2313608,1.15779, 1.177335,-0.4376617,0.5020247, -0.6332347,
-0.2315031,1.157327, 1.177584,-0.4378373,0.5025564, -0.6331795,
-0.2322067,1.156211, 1.177071,-0.4385705,0.501541, -0.6343296,
-0.2323672,1.155414, 1.176613,-0.43814,0.5022426, -0.6352103,
-0.2324842,1.154652, 1.176103,-0.4375859,0.5041204, -0.6356241,
-0.232682,1.152544, 1.175048,-0.4367656,0.5076567, -0.6368146,
-0.2327915,1.151397, 1.174318,-0.4362187,0.5088559, -0.6372793,
-0.2327915,1.151397, 1.174318,-0.4362187,0.5088559, -0.6372793,
-0.233125,1.150208, 1.173593,-0.435457,0.5099494, -0.6374876,
-0.2332968,1.148958, 1.172787,-0.4338045,0.5111337, -0.6379622,
-0.2336116,1.147533, 1.172156,-0.432096,0.5119541, -0.6388746,
-0.2338016,1.146209, 1.171354,-0.4293288,0.5129622, -0.6401172,
-0.2339927,1.14506, 1.170471,-0.4269074,0.5150338, -0.6409966,
-0.2341808,1.143706, 1.16969,-0.4251817,0.5173068, -0.6408158,
-0.2343398,1.142317, 1.16906,-0.4232679,0.5183464, -0.6410143,
-0.2346897,1.139552, 1.167452,-0.4178733,0.518819, -0.6432335,
-0.2346897,1.139552, 1.167452,-0.4178733,0.518819, -0.6432335,
-0.2347624,1.138416, 1.166896,-0.4154092,0.5196297, -0.6438555,
-0.2348613,1.137281, 1.166319,-0.4140207,0.5207179, -0.643929,
-0.2350966,1.136053, 1.165632,-0.412551,0.5217159, -0.6443465,
-0.2351907,1.135083, 1.165152,-0.4115482,0.5222043, -0.6449797,
-0.2352823,1.134079, 1.164602,-0.4098805,0.5228289, -0.6460265,
-0.2353489,1.133223, 1.164209,-0.4086801,0.5236014, -0.6466486,
-0.2353445,1.132673, 1.163892,-0.4076556,0.52461, -0.6468359,
-0.2352552,1.132081, 1.16327,-0.4065383,0.5251565, -0.6472913,
-0.2352191,1.131673, 1.163137,-0.4063512,0.5248292, -0.6477466,
-0.2352275,1.131263, 1.162957,-0.406498,0.5243992, -0.6482695,
-0.2350435,1.131225, 1.16297,-0.4076099,0.5242408, -0.6478875,
-0.2352945,1.130462, 1.163134,-0.4080926,0.5246546, -0.6475963,
-0.2352115,1.130461, 1.16334,-0.4089838,0.5247039, -0.647441,
-0.2353781,1.130429, 1.164231,-0.4093283,0.5243477, -0.647777,
-0.2354368,1.130545, 1.164804,-0.409164,0.5238976, -0.648466,
-0.2353224,1.130788, 1.165268,-0.4096791,0.5232148, -0.6488541,
-0.2352751,1.130913, 1.165633,-0.4104299,0.5228258, -0.6490288,
-0.2351841,1.131515, 1.166082,-0.4106682,0.5227218, -0.6485878,
-0.235221,1.131863, 1.166546,-0.4121394,0.5216109, -0.6482875,
-0.2350866,1.132385, 1.167107,-0.4130373,0.5205724, -0.6482505,
-0.2347594,1.13309, 1.166443,-0.4139642,0.5193706, -0.6483659,
-0.234614,1.13371, 1.166886,-0.4141601,0.5185925, -0.6485185,
-0.234529,1.134189, 1.167126,-0.4139056,0.518275, -0.6486881,
-0.2343782,1.134737, 1.167505,-0.4145159,0.5174152, -0.6485121,
-0.2342948,1.13545, 1.168646,-0.414473,0.51726, -0.647889,
-0.2341661,1.135978, 1.168999,-0.4148997,0.5165325, -0.6477425,
-0.2339543,1.136504, 1.169338,-0.4150674,0.5162367, -0.6473042,
-0.2338059,1.137033, 1.169419,-0.4148299,0.5161292, -0.6469703,
-0.2335957,1.137537, 1.16964,-0.414406,0.5161635, -0.646592,
-0.2334576,1.138235, 1.169835,-0.4141164,0.5161445, -0.646189,
-0.2332772,1.138709, 1.169946,-0.4141963,0.5161982, -0.6456474,
-0.2333013,1.139118, 1.169677,-0.4147455,0.5161558, -0.6449679,
-0.2331517,1.139552, 1.169714,-0.4148864,0.516282, -0.644276,
-0.2330338,1.139829, 1.169616,-0.4154063,0.5165218, -0.6432484,
-0.2328912,1.140209, 1.169621,-0.4156904,0.5166721, -0.6424481,
-0.2329443,1.140182, 1.169455,-0.4161614,0.5169774, -0.6414304,
-0.2328318,1.140428, 1.169449,-0.4164098,0.5171628, -0.6406811,
-0.2327813,1.140428, 1.169259,-0.41663,0.5177056, -0.639865,
-0.2328146,1.140278, 1.169213,-0.417158,0.5183747, -0.6392658,
-0.2327732,1.140297, 1.169087,-0.417181,0.5192758, -0.638747,
-0.2327156,1.140335, 1.169094,-0.4170828,0.5202634, -0.6381627,
-0.2328383,1.14024, 1.169,-0.4172907,0.5209777, -0.6375665,
-0.2328762,1.140111, 1.168929,-0.4175566,0.5216158, -0.636959,
-0.2330729,1.140034, 1.169028,-0.4178987,0.5218293, -0.6367198,
-0.2331787,1.13984, 1.169061,-0.4170738,0.5227346, -0.6369477,
-0.2335725,1.139436, 1.169177,-0.416438,0.5238428, -0.636892,
-0.2338034,1.139212, 1.169342,-0.4164238,0.5247302, -0.6366069,
-0.2340177,1.139028, 1.169201,-0.4163266,0.5254053, -0.6364269,
-0.2343261,1.138787, 1.169433,-0.4160283,0.5256267, -0.6365452,
-0.234569,1.138676, 1.169781,-0.4157827,0.5258457, -0.6367396,
-0.2348669,1.138472, 1.170067,-0.4156723,0.5261237, -0.6370996,
-0.2363173,1.137832, 1.171455,-0.4144083,0.5277672, -0.6389967,
-0.2368526,1.137694, 1.171468,-0.415664,0.527088, -0.6392647,
-0.2373309,1.137583, 1.17193,-0.4162652,0.5266479, -0.6396637,
-0.2377659,1.137508, 1.172009,-0.4165673,0.5262437, -0.6405246,
-0.2382771,1.137426, 1.172496,-0.416793,0.5259954, -0.6413097,
-0.2387048,1.137357, 1.172947,-0.4167103,0.525822, -0.6424658,
-0.2391762,1.137275, 1.173417,-0.4165381,0.5256795, -0.6434579,
-0.2404665,1.13677, 1.174237,-0.416768,0.5254982, -0.6452009,
-0.2410737,1.136667, 1.174603,-0.4168803,0.5253013, -0.6457527,
-0.241608,1.136624, 1.17526,-0.4164623,0.5251366, -0.6466221,
-0.2421142,1.136553, 1.175561,-0.4159713,0.5250673, -0.6474056,
-0.242617,1.136495, 1.17611,-0.4160107,0.5248105, -0.6481022,
-0.2430557,1.136432, 1.176321,-0.4155633,0.524907, -0.6488752,
-0.2434599,1.136368, 1.176475,-0.4146759,0.5254383, -0.6495845,
-0.2438811,1.136297, 1.176622,-0.4142392,0.5258785, -0.6500359,
-0.2445146,1.13624, 1.176444,-0.4144572,0.5261717, -0.6500844,
-0.2451245,1.135897, 1.176747,-0.4140961,0.5264611, -0.6502929,
-0.2454385,1.135736, 1.176592,-0.4135925,0.5264676, -0.6504623,
-0.246122,1.135373, 1.176348,-0.4122307,0.5272253, -0.6507416,
-0.246122,1.135373, 1.176348,-0.4122307,0.5272253, -0.6507416,
-0.2464193,1.13499, 1.176036,-0.4116943,0.5281815, -0.6506001,
-0.2465926,1.13476, 1.175694,-0.4115692,0.5287662, -0.6501874,
-0.2467389,1.134651, 1.175313,-0.4113669,0.5291517, -0.6500221,
-0.2468818,1.134458, 1.174937,-0.4109148,0.529781, -0.6497342,
-0.2470001,1.134312, 1.174471,-0.4105281,0.5305176, -0.6491836,
-0.2469895,1.134178, 1.174036,-0.4097012,0.5316747, -0.6487455,
-0.2470185,1.134012, 1.173561,-0.4093666,0.5324086, -0.6482682,
-0.2473311,1.133679, 1.173216,-0.4090402,0.5329672, -0.6479505,
-0.2473235,1.133552, 1.172773,-0.4089542,0.5335901, -0.6475013,
-0.2472949,1.133448, 1.172424,-0.4087995,0.5344217, -0.6469029,
-0.2471575,1.133327, 1.172032,-0.4077103,0.5364295, -0.6458174,
-0.2470964,1.133202, 1.171925,-0.407207,0.5371026, -0.6453969,
-0.2470899,1.133115, 1.17166,-0.4070824,0.5372286, -0.6451849,
-0.2470483,1.132912, 1.171383,-0.4067529,0.5375477, -0.6448472,
-0.2469074,1.132961, 1.171305,-0.4065276,0.537877, -0.644504,
-0.2468351,1.132953, 1.171001,-0.4063505,0.5382304, -0.6440501,
-0.2466336,1.133046, 1.171024,-0.4064115,0.5384509, -0.6437036,
-0.2462541,1.133458, 1.170291,-0.4065311,0.5384763, -0.6435398,
-0.2459735,1.133695, 1.170391,-0.4065281,0.5381178, -0.6438107,
-0.2456313,1.133966, 1.170152,-0.4065408,0.5378966, -0.6437039,
-0.2454808,1.134076, 1.170201,-0.406909,0.5373858, -0.643506,
-0.2452201,1.134299, 1.170354,-0.4071046,0.5369432, -0.6435583,
-0.2445391,1.13479, 1.170805,-0.4074236,0.5358558, -0.6441703,
-0.2442694,1.134917, 1.171025,-0.407603,0.5354511, -0.6444306,
-0.24395,1.135134, 1.171273,-0.4076293,0.5351017, -0.6446318,
-0.2435642,1.135371, 1.171554,-0.4077982,0.5346654, -0.6448394,
-0.2431926,1.135612, 1.171867,-0.4078435,0.5340536, -0.6451781,
-0.2429947,1.135967, 1.17281,-0.4087765,0.5326766, -0.645271,
-0.2427765,1.136187, 1.173153,-0.4092709,0.5317782, -0.6454839,
-0.2424163,1.136408, 1.173485,-0.4096131,0.5308399, -0.6458492,
-0.2423623,1.13641, 1.174457,-0.4091265,0.5307095, -0.646124,
-0.2414405,1.137579, 1.175463,-0.4094187,0.5299004, -0.6472269,
-0.2407267,1.138459, 1.176205,-0.4093924,0.5292701, -0.6474156,
-0.2404851,1.138746, 1.176431,-0.4089177,0.5295363, -0.6475096,
-0.2404016,1.138846, 1.176739,-0.4086933,0.5297606, -0.6475788,
-0.2401522,1.139203, 1.176838,-0.4080227,0.5302138, -0.6478595,
-0.2399391,1.139528, 1.177015,-0.4073185,0.5304669, -0.6482832,
-0.2397746,1.140001, 1.177182,-0.4062994,0.5309505, -0.6485174,
-0.2396885,1.140427, 1.177377,-0.4060778,0.5310262, -0.6482614,
-0.2398347,1.140735, 1.177392,-0.4063659,0.530314, -0.648199,
-0.2399261,1.141158, 1.17761,-0.4061607,0.5292831, -0.6482923,
-0.2400856,1.141497, 1.177858,-0.4061512,0.5278337, -0.6487061,
-0.2402452,1.14184, 1.178152,-0.4056626,0.5268192, -0.6492985,
-0.2405441,1.142033, 1.178526,-0.4043317,0.5260502, -0.6506319,
-0.2410036,1.142245, 1.179049,-0.4024468,0.5256948, -0.6523251,
-0.2414733,1.142423, 1.1797,-0.3995582,0.5261968, -0.6537848,
-0.2420994,1.142591, 1.180262,-0.397254,0.5271897, -0.6540262,
-0.2428442,1.14277, 1.181012,-0.3947303,0.5277086, -0.6558865,
-0.2434651,1.142945, 1.181657,-0.3928508,0.5272437, -0.6572208,
-0.2444561,1.143337, 1.182202,-0.3904292,0.5226347, -0.6607223,
-0.2466736,1.143826, 1.18396,-0.3860831,0.5188082, -0.665531,
-0.2484492,1.143676, 1.186079,-0.384806,0.5193329, -0.6665444,
-0.2499119,1.143852, 1.18726,-0.3834826,0.5184697, -0.6688974,
-0.251479,1.143981, 1.188405,-0.3820063,0.5162089, -0.6715354,
-0.2532579,1.14425, 1.189605,-0.3800046,0.5135212, -0.6749956,
-0.2552099,1.144376, 1.190768,-0.3775316,0.5112491, -0.6786449,
-0.2576122,1.144103, 1.192497,-0.374215,0.5093281, -0.6821111,
-0.2597865,1.143975, 1.19382,-0.3706694,0.5068508, -0.6861176,
-0.2620074,1.143644, 1.195232,-0.3679902,0.5045287, -0.6897673,
-0.2644135,1.143217, 1.196824,-0.3648698,0.5026675, -0.6939784,
-0.2666873,1.14277, 1.19836,-0.3615768,0.5009934, -0.6977473,
-0.2690123,1.142334, 1.199932,-0.3574531,0.4992973, -0.7018805,
-0.2715105,1.141809, 1.201678,-0.3517705,0.4975258, -0.7064304,
-0.2741694,1.141239, 1.203332,-0.3454294,0.4952827, -0.7112991,
-0.2769109,1.140675, 1.205007,-0.3381605,0.493012, -0.716475,
-0.2799109,1.139967, 1.206799,-0.3303974,0.4909889, -0.7214015,
-0.2829144,1.139536, 1.208471,-0.3223108,0.4889954, -0.7261574,
-0.2857163,1.13927, 1.210034,-0.3151858,0.486851, -0.7307906,
-0.2920171,1.138474, 1.213402,-0.3016304,0.4808175, -0.7387283,
-0.2953821,1.138165, 1.214804,-0.2935137,0.476525, -0.7432841,
-0.2953821,1.138165, 1.214804,-0.2935137,0.476525, -0.7432841,
-0.2987918,1.137637, 1.216415,-0.2859852,0.473125, -0.747259,
-0.302063,1.137188, 1.217817,-0.277607,0.4702648, -0.7514098,
-0.3058087,1.136094, 1.219842,-0.2665444,0.4695762, -0.7553675,
-0.3090115,1.135378, 1.221127,-0.2568627,0.4674006, -0.7596007,
-0.3123115,1.134648, 1.222241,-0.2455025,0.4658355, -0.7643152,
-0.3155724,1.134068, 1.222839,-0.2348115,0.4639099, -0.7684236,
-0.3188118,1.133357, 1.223555,-0.2243974,0.4627295, -0.771688,
-0.3221928,1.132566, 1.224301,-0.2145413,0.4629671, -0.7734286,
-0.3252364,1.131899, 1.224849,-0.2055672,0.4634855, -0.7756001,
-0.3275341,1.131562, 1.224964,-0.1973168,0.4675092, -0.7760163,
-0.3300344,1.130965, 1.225011,-0.1918411,0.4733129, -0.7734205,
-0.3322803,1.130841, 1.224375,-0.1895623,0.4785565, -0.7693621,
-0.333876,1.130522, 1.223225,-0.1870925,0.4824542, -0.7672903,
-0.3352653,1.130336, 1.221493,-0.1892533,0.4842821, -0.7664959,
-0.3367497,1.129797, 1.220039,-0.1913807,0.4876662, -0.7643396,
-0.3374848,1.129568, 1.217729,-0.1990394,0.4960726, -0.7598662,
-0.3377813,1.12912, 1.215584,-0.2057427,0.5108794, -0.7530437,
-0.3380574,1.128714, 1.213085,-0.2155307,0.5234626, -0.7459756,
-0.3375953,1.128372, 1.209925,-0.2259958,0.5414763, -0.736048,
-0.3368371,1.128132, 1.206273,-0.2413211,0.5577635, -0.7244504,
-0.3360664,1.12826, 1.201984,-0.2631316,0.5699401, -0.7117811,
-0.335337,1.128415, 1.197829,-0.2823497,0.5809643, -0.6997683,
-0.3341776,1.128554, 1.192975,-0.308246,0.5905563, -0.6855337,
-0.3329519,1.128997, 1.188069,-0.334789,0.6023565, -0.6689374,
-0.3317696,1.129585, 1.183297,-0.3583309,0.6179107, -0.6486665,
-0.3308126,1.129969, 1.178424,-0.3787344,0.6310316, -0.6299849,
-0.3298477,1.130911, 1.173614,-0.3991643,0.6419765, -0.61252,
-0.3293036,1.132357, 1.168709,-0.4231045,0.6457064, -0.5975994,
-0.328572,1.13344, 1.163984,-0.444818,0.6523103, -0.5788519,
-0.3280231,1.1349, 1.159928,-0.4661064,0.659596, -0.5563804,
-0.3271919,1.13606, 1.155545,-0.4869268,0.6650389, -0.5350699,
-0.3265191,1.137343, 1.15209,-0.5088778,0.6664245, -0.5143505,
-0.3257107,1.138739, 1.148222,-0.5268311,0.6676537, -0.4977756,
-0.3252152,1.140105, 1.145358,-0.5424751,0.6665393, -0.4815508,
-0.3247694,1.141636, 1.142436,-0.5563284,0.6664334, -0.4654521,
-0.3242705,1.143049, 1.140742,-0.5650619,0.6646461, -0.4560035,
-0.3233842,1.144078, 1.139643,-0.5747238,0.6579731, -0.45112,
-0.3227524,1.14517, 1.13828,-0.5835633,0.655478, -0.4421446,
-0.3215832,1.145696, 1.138165,-0.5913149,0.6517361, -0.4345554,
-0.3203658,1.146118, 1.138278,-0.5960167,0.6497677, -0.4289851,
-0.3185889,1.146119, 1.13874,-0.5943942,0.6483983, -0.4314403,
-0.316907,1.146119, 1.139118,-0.5933924,0.6448284, -0.4355205,
-0.3150284,1.145692, 1.140474,-0.5874025,0.6396437, -0.4468045,
-0.3138524,1.145416, 1.142177,-0.5827234,0.6352927, -0.4559658,
-0.3118876,1.145069, 1.14466,-0.5773978,0.6334594, -0.4630485,
-0.30994,1.144409, 1.147667,-0.5726136,0.6304401, -0.470329,
-0.3081239,1.143805, 1.150496,-0.5684155,0.6257911, -0.4780211,
-0.3066188,1.143039, 1.154483,-0.5601981,0.6184882, -0.4914643,
-0.3050448,1.142297, 1.157932,-0.5523599,0.6121032, -0.5032889,
-0.3036641,1.140982, 1.16208,-0.5416378,0.6045207, -0.5183083,
-0.3022512,1.139611, 1.166453,-0.5298599,0.5976101, -0.5342442,
-0.3009145,1.137885, 1.171157,-0.5172216,0.5914566, -0.5503472,
-0.299852,1.13593, 1.176065,-0.5036069,0.5856823, -0.5672674,
-0.2985991,1.134081, 1.18097,-0.4901954,0.5800981, -0.5830306,
-0.2978095,1.132184, 1.185982,-0.4757648,0.5742025, -0.5995507,
-0.2975863,1.130245, 1.191278,-0.4603969,0.5667989, -0.6175446,
-0.2975875,1.128685, 1.196512,-0.4450131,0.557351, -0.63508,
-0.2977489,1.127088, 1.201568,-0.4294825,0.5474786, -0.651996,
-0.2987102,1.125928, 1.206752,-0.413961,0.5365812, -0.6688649,
-0.300308,1.123734, 1.214285,-0.3988096,0.5280042, -0.6830737,
-0.3015276,1.122733, 1.219337,-0.3843117,0.5210851, -0.6957314,
-0.3023914,1.121511, 1.224397,-0.3705358,0.5139659, -0.7075823,
-0.3042773,1.120753, 1.22884,-0.358164,0.5079097, -0.717154,
-0.3051978,1.119785, 1.232748,-0.3442243,0.4994217, -0.7288527,
-0.3068771,1.119051, 1.236321,-0.3309687,0.4893619, -0.7409524,
-0.3083148,1.118243, 1.23862,-0.3204829,0.4801982, -0.7506054,
-0.3097934,1.117467, 1.241736,-0.3101113,0.4729709, -0.759603,
-0.3107159,1.117086, 1.242755,-0.3052654,0.4731271, -0.7631011,
-0.3117815,1.116355, 1.244796,-0.2998157,0.4711298, -0.7670586,
-0.3123685,1.116041, 1.245226,-0.2980707,0.4719102, -0.7685856,
-0.3128976,1.115652, 1.24579,-0.2934751,0.471129, -0.7713143,
-0.3130492,1.115372, 1.244872,-0.2924766,0.4711004, -0.7716776,
-0.3133098,1.114979, 1.244183,-0.2916327,0.4722527, -0.771204,
-0.3129771,1.11481, 1.24232,-0.2932656,0.4758117, -0.7684148,
-0.3125863,1.114469, 1.239873,-0.2977496,0.4815377, -0.7640235,
-0.3119265,1.114422, 1.237553,-0.3017768,0.4872266, -0.7596908,
-0.3106099,1.11462, 1.234129,-0.3109987,0.49799, -0.7504365,
-0.3095626,1.11463, 1.230561,-0.3161062,0.5060323, -0.743793,
-0.3083233,1.114683, 1.226702,-0.3233468,0.5156198, -0.7344064,
-0.3070458,1.114765, 1.222813,-0.3305303,0.5235914, -0.7257022,
-0.3058885,1.114893, 1.218823,-0.3377369,0.5309471, -0.7172396,
-0.3046476,1.115205, 1.214414,-0.3454961,0.5389451, -0.7078946,
-0.3030838,1.115924, 1.209299,-0.3525024,0.549143, -0.6973112,
-0.3018886,1.11613, 1.204442,-0.35913,0.5601231, -0.6867605,
-0.3004845,1.117047, 1.199444,-0.365804,0.5695561, -0.6762604,
-0.2991561,1.117835, 1.194861,-0.3729346,0.5768985, -0.666203,
-0.297938,1.119097, 1.19024,-0.3799826,0.5829281, -0.6570674,
-0.2967569,1.120647, 1.186313,-0.387529,0.5858448, -0.6484539,
-0.2956017,1.121809, 1.182414,-0.3947335,0.5903363, -0.6387991,
-0.2945181,1.123272, 1.179343,-0.4005497,0.5937649, -0.6294015,
-0.2934569,1.124356, 1.17669,-0.4032959,0.5975161, -0.6216455,
-0.2918714,1.125997, 1.173853,-0.403106,0.600395, -0.6172428,
-0.2907113,1.126961, 1.172039,-0.4013447,0.6014571, -0.6146489,
-0.2893156,1.128399, 1.17006,-0.3993962,0.6026399, -0.6121027,
-0.2883178,1.12965, 1.169993,-0.3937201,0.6000583, -0.6133808,
-0.2872676,1.130983, 1.169234,-0.3901175,0.6001829, -0.6107822,
-0.2860825,1.131971, 1.169791,-0.3854279,0.598436, -0.6091619,
-0.2851351,1.132939, 1.169948,-0.38137,0.5965015, -0.6085921,
-0.2838825,1.133565, 1.171806,-0.3727446,0.5899075, -0.6147295,
-0.2829254,1.134044, 1.173506,-0.364104,0.5834533, -0.6209208,
-0.2818857,1.134555, 1.175262,-0.3561465,0.5784398, -0.6254082,
-0.2811216,1.134795, 1.177864,-0.347205,0.5733399, -0.6311824,
-0.2802283,1.135122, 1.180314,-0.3387245,0.5685911, -0.635916,
-0.2796782,1.135135, 1.183658,-0.3318456,0.560817, -0.6432744,
-0.2792701,1.135181, 1.187469,-0.326787,0.551609, -0.6508173,
-0.2789973,1.135147, 1.191245,-0.3206553,0.5439255, -0.656681,
-0.2788355,1.134897, 1.195473,-0.3135974,0.5370799, -0.6621333,
-0.2788839,1.134544, 1.199546,-0.3045812,0.5294136, -0.6697398,
-0.278936,1.134461, 1.203689,-0.2957489,0.5199137, -0.6801124,
-0.27903,1.134295, 1.207408,-0.2883283,0.5109593, -0.688622,
-0.2793139,1.133551, 1.211125,-0.2849661,0.503011, -0.6951579,
-0.280095,1.13329, 1.215378,-0.2821857,0.4980045, -0.7006633,
-0.2806228,1.132757, 1.219409,-0.280631,0.4928208, -0.7054171,
-0.2810532,1.132664, 1.222958,-0.2782753,0.4864963, -0.710547,
-0.2817832,1.13186, 1.22706,-0.2767085,0.4812872, -0.715872,
-0.2823182,1.131649, 1.230046,-0.2784755,0.4741841, -0.7209516,
-0.2826694,1.13143, 1.232417,-0.2824901,0.4697571, -0.7248376,
-0.2826277,1.131253, 1.234114,-0.2875444,0.4684906, -0.7277879,
-0.2827039,1.130983, 1.236108,-0.2916797,0.4659544, -0.7307705,
-0.2824359,1.130924, 1.237261,-0.2975194,0.4670354, -0.7318757,
-0.2820736,1.130763, 1.238075,-0.3071553,0.4684, -0.7305265,
-0.2817553,1.13051, 1.238486,-0.3175733,0.470269, -0.728596,
-0.2813319,1.130318, 1.238726,-0.3277264,0.4706145, -0.7271602,
-0.2808706,1.129967, 1.238467,-0.3405486,0.4707197, -0.7244867,
-0.2803894,1.129771, 1.237911,-0.3511515,0.471927, -0.722358,
-0.2796711,1.129541, 1.236398,-0.3632703,0.4777261, -0.7165637,
-0.2789348,1.129308, 1.234887,-0.3734837,0.483788, -0.7107832,
-0.2785288,1.128678, 1.233771,-0.3841098,0.4876959, -0.7056407,
-0.2780541,1.128545, 1.231717,-0.3929484,0.4925071, -0.7007588,
-0.2776858,1.128324, 1.229332,-0.4017894,0.4965881, -0.696094,
-0.2772299,1.128245, 1.226826,-0.4109098,0.5010096, -0.6892458,
-0.2769541,1.128173, 1.223971,-0.4160663,0.5077851, -0.6829976,
-0.2768137,1.128107, 1.221048,-0.4215453,0.5137333, -0.6770986,
-0.2767152,1.12786, 1.218262,-0.426396,0.5196959, -0.6705899,
-0.2768391,1.127581, 1.215363,-0.4302645,0.525912, -0.663553,
-0.2768811,1.127379, 1.21272,-0.4336278,0.5315129, -0.6577473,
-0.2771024,1.127381, 1.209901,-0.4334738,0.5375963, -0.6526291,
-0.2774838,1.127282, 1.207415,-0.4315408,0.5427636, -0.6480543,
-0.2778367,1.12733, 1.204736,-0.4301116,0.5471456, -0.6445664,
-0.2782518,1.127524, 1.202652,-0.4254497,0.551054, -0.642692,
-0.2787465,1.12755, 1.200758,-0.4211004,0.5550694, -0.6398267,
-0.2793157,1.127648, 1.199147,-0.4157791,0.558866, -0.637646,
-0.2798616,1.127501, 1.197887,-0.4089295,0.5619583, -0.6367741,
-0.2802917,1.127481, 1.196819,-0.4009065,0.5640145, -0.6372769,
-0.2808896,1.127322, 1.19623,-0.3915994,0.565336, -0.6391138,
-0.2815272,1.127096, 1.195825,-0.3823031,0.5663087, -0.6413917,
-0.2821394,1.126906, 1.19564,-0.3734264,0.5673814, -0.6431954,
-0.2828676,1.126571, 1.196068,-0.3645774,0.5677736, -0.645593,
-0.2836491,1.126316, 1.196894,-0.3562417,0.5671884, -0.6481686,
-0.2845181,1.12602, 1.197649,-0.3476802,0.5664075, -0.65139,
-0.2855384,1.125211, 1.199622,-0.3391564,0.5643681, -0.6555362,
-0.2865371,1.124572, 1.20128,-0.3316179,0.5616784, -0.6601433,
-0.2872251,1.12403, 1.202771,-0.3227671,0.5603513, -0.6645167,
-0.2879671,1.123364, 1.204571,-0.3139884,0.5594339, -0.6687314,
-0.2886909,1.122802, 1.206509,-0.3071145,0.5585184, -0.6735758,
-0.2894651,1.122319, 1.208617,-0.3036833,0.5572405, -0.6776544,
-0.2899728,1.121802, 1.210858,-0.3030064,0.5564255, -0.6798934,
-0.2906984,1.121494, 1.212723,-0.3046894,0.5558057, -0.6825409,
-0.2913812,1.121423, 1.214514,-0.3094448,0.5548053, -0.6834722,
-0.2917668,1.121239, 1.216333,-0.3163138,0.5529928, -0.6842554,
-0.2921044,1.121286, 1.217859,-0.3223744,0.5510921, -0.6846662,
-0.2922442,1.121316, 1.21956,-0.3314857,0.5496243, -0.6842031,
-0.2920116,1.121675, 1.22067,-0.3427577,0.5501128, -0.6826414,
-0.2918557,1.121857, 1.222038,-0.3573004,0.5512745, -0.6782212,
-0.2916652,1.122128, 1.222994,-0.3712395,0.5519878, -0.6745256,
-0.2908725,1.122579, 1.223514,-0.3871776,0.5528535, -0.6701329,
-0.2904236,1.122631, 1.223966,-0.4006985,0.5535024, -0.6659694,
-0.2899479,1.123, 1.224294,-0.4122631,0.5541676, -0.6618078,
-0.2891223,1.122948, 1.224207,-0.4215646,0.555593, -0.6577864,
-0.2883273,1.123177, 1.224055,-0.4329447,0.5549992, -0.6542413,
-0.2879738,1.123402, 1.224029,-0.4426983,0.5559016, -0.6495351,
-0.2874904,1.12373, 1.223895,-0.4533221,0.5558313, -0.6439457,
-0.2870809,1.124258, 1.223707,-0.4601596,0.5564018, -0.6403701,
-0.286526,1.124647, 1.223705,-0.4673236,0.5557896, -0.6374647,
-0.2851707,1.125441, 1.223818,-0.473578,0.5547111, -0.6331662,
-0.2844404,1.125745, 1.224331,-0.4734222,0.5539339, -0.6321304,
-0.283811,1.126007, 1.224632,-0.4734955,0.5531723, -0.6308646,
-0.2831434,1.126275, 1.225306,-0.4713112,0.5524561, -0.631027,
-0.2825613,1.126535, 1.225953,-0.4640801,0.5526159, -0.6331031,
-0.282147,1.126735, 1.227009,-0.453268,0.5543669, -0.6358937,
-0.2817982,1.126991, 1.227968,-0.4433419,0.5546036, -0.6387522,
-0.2814459,1.12727, 1.228994,-0.4321709,0.5534352, -0.6429642,
-0.280918,1.127543, 1.230026,-0.4215949,0.5514404, -0.6470635,
-0.2805396,1.127755, 1.231207,-0.414933,0.5482596, -0.6496443,
-0.2800599,1.12812, 1.232334,-0.4099375,0.5465956, -0.6501697,
-0.2796044,1.128397, 1.233381,-0.4034536,0.5473555, -0.6500899,
-0.2790008,1.12846, 1.23446,-0.3967163,0.5502658, -0.6493178,
-0.2784568,1.128528, 1.235156,-0.3918091,0.5500818, -0.6500278,
-0.2777958,1.128775, 1.23562,-0.3868181,0.54823, -0.6525272,
-0.2771367,1.128851, 1.235867,-0.3832844,0.5479558, -0.6543505,
-0.2763677,1.129055, 1.235921,-0.3832779,0.5501246, -0.653626,
-0.275407,1.129453, 1.236138,-0.3846759,0.5515528, -0.6523882,
-0.2744535,1.129749, 1.235881,-0.3913799,0.5529035, -0.6490512,
-0.2734615,1.130156, 1.235416,-0.4004223,0.5520507, -0.6462463,
-0.272231,1.130767, 1.235025,-0.4089403,0.5514133, -0.643085,
-0.2712419,1.131228, 1.234557,-0.4189998,0.5506712, -0.6390607,
-0.2702442,1.131592, 1.234122,-0.4258553,0.5517863, -0.6354072,
-0.2692994,1.131563, 1.233533,-0.4309728,0.5521161, -0.6334687,
-0.2683638,1.131776, 1.233129,-0.4374108,0.5510654, -0.6316503,
-0.2676122,1.131838, 1.232812,-0.438365,0.5529099, -0.6318248,
-0.2668701,1.131768, 1.232484,-0.4418984,0.5542318, -0.6308435,
-0.2661489,1.131721, 1.23238,-0.444614,0.5564795, -0.6289688,
-0.266073,1.130888, 1.233357,-0.4447363,0.5584427, -0.6285642,
-0.2655377,1.130226, 1.233849,-0.4439402,0.5583462, -0.6292248,
-0.2649398,1.12977, 1.234089,-0.4431766,0.5583404, -0.6298011,
-0.2642902,1.128939, 1.234584,-0.4407781,0.5584687, -0.630929,
-0.2635528,1.128261, 1.235177,-0.4362115,0.5595432, -0.6331773,
-0.2628926,1.127433, 1.23576,-0.4311867,0.5607794, -0.6348435,
-0.2623091,1.126795, 1.236445,-0.4224184,0.5614651, -0.6397745,
-0.2620692,1.125748, 1.237063,-0.4134579,0.5617903, -0.6445485,
-0.2617186,1.124832, 1.237955,-0.4048789,0.5622669, -0.648531,
-0.2612764,1.123984, 1.238722,-0.3964423,0.5626628, -0.6520879,
-0.2607609,1.123151, 1.239463,-0.3889812,0.562793, -0.6549355,
-0.2601514,1.12231, 1.240194,-0.3823641,0.5615147, -0.6583093,
-0.2594887,1.121333, 1.240907,-0.376871,0.5600379, -0.6611319,
-0.2588807,1.120237, 1.241646,-0.3725587,0.5588254, -0.663774,
-0.2582372,1.119045, 1.242497,-0.3681414,0.5587167, -0.6659526,
-0.2574265,1.11791, 1.243178,-0.3622461,0.5609474, -0.6680796,
-0.2565434,1.116479, 1.244035,-0.3561072,0.5624778, -0.6703692,
-0.2557067,1.114918, 1.244526,-0.349989,0.5623436, -0.6734884,
-0.2546942,1.113665, 1.244949,-0.3440275,0.561882, -0.6778737,
-0.2536303,1.112135, 1.245452,-0.3408049,0.5618513, -0.6797601,
-0.2523168,1.11078, 1.245851,-0.3396313,0.5628102, -0.6810729,
-0.2508107,1.109346, 1.246494,-0.3388601,0.5645809, -0.6816053,
-0.2491847,1.108167, 1.246923,-0.337695,0.5663118, -0.68235,
-0.2474262,1.107159, 1.247382,-0.3371513,0.5670075, -0.6831347,
-0.2457713,1.106291, 1.247793,-0.3370342,0.5669121, -0.6837867,
-0.2439917,1.10566, 1.248109,-0.3375287,0.5658556, -0.6843051,
-0.2421966,1.10529, 1.248515,-0.3393575,0.5636984, -0.6842441,
-0.2403425,1.104945, 1.248964,-0.3413588,0.5618528, -0.6838326,
-0.2383391,1.104968, 1.249587,-0.3444607,0.559738, -0.6827001,
-0.2361809,1.105034, 1.250153,-0.3469608,0.5579806, -0.6821812,
-0.2340626,1.105062, 1.250763,-0.3491233,0.5563166, -0.6810488,
-0.2318469,1.105256, 1.251386,-0.3501386,0.5544396, -0.6803759,
-0.2296432,1.105544, 1.252016,-0.3514242,0.5517838, -0.680241,
-0.2275187,1.106172, 1.252617,-0.3534519,0.5476116, -0.6798288,
-0.2254543,1.10669, 1.253416,-0.3552176,0.5437677, -0.6793728,
-0.2234567,1.10745, 1.254056,-0.3575266,0.5402586, -0.6784462,
-0.2214066,1.108179, 1.254735,-0.3596131,0.5373161, -0.6773244,
-0.2194973,1.108989, 1.255499,-0.3621547,0.5345588, -0.6760466,
-0.2175447,1.109926, 1.256146,-0.3643767,0.5317591, -0.6752194,
-0.2157559,1.110808, 1.256708,-0.3657561,0.5290977, -0.6749346,
-0.2138194,1.111764, 1.257252,-0.3673475,0.526521, -0.6744666,
-0.212262,1.112784, 1.257889,-0.369103,0.5241399, -0.6737649,
-0.2107757,1.114049, 1.258333,-0.3712145,0.5218462, -0.6727012,
-0.2095495,1.115275, 1.258781,-0.3740003,0.5191302, -0.6713098,
-0.2083998,1.116525, 1.259133,-0.376965,0.5165011, -0.6698202,
-0.2076375,1.117638, 1.260017,-0.3793004,0.514501, -0.668298,
